Warte bis die Kirschen rot sind,,,,,,,2018-08-04,,,,,,http://goodmusic.online/medien_title/warte-bis-die-kirschen-rot-sind/,http://goodmusic.online/medien_title/warte-bis-die-kirschen-rot-sind/,,,,,,,,,,,,,,,,,
"Vom Himmel hoch, da komm ich her",,,,,,,2018-08-05,,,,,,http://goodmusic.online/medien_title/vom-himmel-hoch-da-komm-ich-her/,http://goodmusic.online/medien_title/vom-himmel-hoch-da-komm-ich-her/,,,,,,,,,,,,,,,,,
Es ist ein Ros' entsprungen,,,,,,,2018-08-06,,,,,,http://goodmusic.online/medien_title/es-ist-ein-ros-entsprungen/,http://goodmusic.online/medien_title/es-ist-ein-ros-entsprungen/,,,,,,,,,,,,,,,,,
Heiligste Nacht,,,,,,,2018-08-07,,,,,,http://goodmusic.online/medien_title/heiligste-nacht/,http://goodmusic.online/medien_title/heiligste-nacht/,,,,,,,,,,,,,,,,,
"Joseph, liebster Joseph mein",,,,,,,2018-08-08,,,,,,http://goodmusic.online/medien_title/joseph-liebster-joseph-mein/,http://goodmusic.online/medien_title/joseph-liebster-joseph-mein/,,,,,,,,,,,,,,,,,
Kommet ihr Hirten,,,,,,,2018-08-09,,,,,,http://goodmusic.online/medien_title/kommet-ihr-hirten/,http://goodmusic.online/medien_title/kommet-ihr-hirten/,,,,,,,,,,,,,,,,,
Ihr Kinderlein kommet,,,,,,,2018-08-10,,,,,,http://goodmusic.online/medien_title/ihr-kinderlein-kommet/,http://goodmusic.online/medien_title/ihr-kinderlein-kommet/,,,,,,,,,,,,,,,,,
Tochter Zion,,,,,,,2018-08-11,,,,,,http://goodmusic.online/medien_title/tochter-zion/,http://goodmusic.online/medien_title/tochter-zion/,,,,,,,,,,,,,,,,,
Süsser die Glocken nie klingen,,,,,,,2018-08-12,,,,,,http://goodmusic.online/medien_title/susser-die-glocken-nie-klingen/,http://goodmusic.online/medien_title/susser-die-glocken-nie-klingen/,,,,,,,,,,,,,,,,,
O Tannenbaum,,,,,,,2018-08-13,,,,,,http://goodmusic.online/medien_title/o-tannenbaum/,http://goodmusic.online/medien_title/o-tannenbaum/,,,,,,,,,,,,,,,,,
"Vom Himmel hoch, ihr Engel kommt",,,,,,,2018-08-14,,,,,,http://goodmusic.online/medien_title/vom-himmel-hoch-ihr-engel-kommt/,http://goodmusic.online/medien_title/vom-himmel-hoch-ihr-engel-kommt/,,,,,,,,,,,,,,,,,
"Lobt Gott, ihr Christen",,,,,,,2018-08-15,,,,,,http://goodmusic.online/medien_title/lobt-gott-ihr-christen/,http://goodmusic.online/medien_title/lobt-gott-ihr-christen/,,,,,,,,,,,,,,,,,
"Herbei, o ihr Gläubigen (Adeste Fideles)",,,,,,,2018-08-16,,,,,,http://goodmusic.online/medien_title/herbei-o-ihr-glaubigen-adeste-fideles/,http://goodmusic.online/medien_title/herbei-o-ihr-glaubigen-adeste-fideles/,,,,,,,,,,,,,,,,,
"Stille Nacht - O du fröhliche, o du selige",,,,,,,2018-08-17,,,,,,http://goodmusic.online/medien_title/stille-nacht-o-du-frohliche-o-du-selige/,http://goodmusic.online/medien_title/stille-nacht-o-du-frohliche-o-du-selige/,,,,,,,,,,,,,,,,,
Einmal im Leben,,,,,,,2018-08-18,,,,,,http://goodmusic.online/medien_title/einmal-im-leben/,http://goodmusic.online/medien_title/einmal-im-leben/,,,,,,,,,,,,,,,,,
Weil Amore glücklich macht,,,,,,,2018-08-19,,,,,,http://goodmusic.online/medien_title/weil-amore-glucklich-macht/,http://goodmusic.online/medien_title/weil-amore-glucklich-macht/,,,,,,,,,,,,,,,,,
Charly's New Drums,,,,,,,2018-08-20,,,,,,http://goodmusic.online/medien_title/charlys-new-drums/,http://goodmusic.online/medien_title/charlys-new-drums/,,,,,,,,,,,,,,,,,
Charly in Town,,,,,,,2018-08-21,,,,,,http://goodmusic.online/medien_title/charly-in-town/,http://goodmusic.online/medien_title/charly-in-town/,,,,,,,,,,,,,,,,,
"Very Good, c'est si bon",,,,,,,2018-08-22,,,,,,http://goodmusic.online/medien_title/very-good-cest-si-bon/,http://goodmusic.online/medien_title/very-good-cest-si-bon/,,,,,,,,,,,,,,,,,
"Hasta la vista, Amigo",,,,,,,2018-08-23,,,,,,http://goodmusic.online/medien_title/hasta-la-vista-amigo/,http://goodmusic.online/medien_title/hasta-la-vista-amigo/,,,,,,,,,,,,,,,,,
"Komm doch mit nach Old, Old Germany",,,,,,,2018-08-24,,,,,,http://goodmusic.online/medien_title/komm-doch-mit-nach-old-old-germany/,http://goodmusic.online/medien_title/komm-doch-mit-nach-old-old-germany/,,,,,,,,,,,,,,,,,
Warum bist du kein Matrose auf dem Bodensee?,,,,,,,2018-08-25,,,,,,http://goodmusic.online/medien_title/warum-bist-du-kein-matrose-auf-dem-bodensee/,http://goodmusic.online/medien_title/warum-bist-du-kein-matrose-auf-dem-bodensee/,,,,,,,,,,,,,,,,,
99 Stufen,,,,,,,2018-08-26,,,,,,http://goodmusic.online/medien_title/99-stufen/,http://goodmusic.online/medien_title/99-stufen/,,,,,,,,,,,,,,,,,
"Veni, Vidi, Vici",,,,,,,2018-08-27,,,,,,http://goodmusic.online/medien_title/veni-vidi-vici/,http://goodmusic.online/medien_title/veni-vidi-vici/,,,,,,,,,,,,,,,,,
"Weihnachtslieder, Op. 8: I. Christbaum",,,,,,,2018-08-28,,,,,,http://goodmusic.online/medien_title/weihnachtslieder-op-8-i-christbaum/,http://goodmusic.online/medien_title/weihnachtslieder-op-8-i-christbaum/,,,,,,,,,,,,,,,,,
"Weihnachtslieder, Op. 8: II. Die Hirten",,,,,,,2018-08-01,,,,,,http://goodmusic.online/medien_title/weihnachtslieder-op-8-ii-die-hirten/,http://goodmusic.online/medien_title/weihnachtslieder-op-8-ii-die-hirten/,,,,,,,,,,,,,,,,,
"Weihnachtslieder, Op. 8: III. Die Könige",,,,,,,2018-08-02,,,,,,http://goodmusic.online/medien_title/weihnachtslieder-op-8-iii-die-konige/,http://goodmusic.online/medien_title/weihnachtslieder-op-8-iii-die-konige/,,,,,,,,,,,,,,,,,
"Weihnachtslieder, Op. 8: IV. Simeon",,,,,,,2018-08-03,,,,,,http://goodmusic.online/medien_title/weihnachtslieder-op-8-iv-simeon/,http://goodmusic.online/medien_title/weihnachtslieder-op-8-iv-simeon/,,,,,,,,,,,,,,,,,
"Weihnachtslieder, Op. 8: V. Christus, der Kinderfreund",,,,,,,2018-08-04,,,,,,http://goodmusic.online/medien_title/weihnachtslieder-op-8-v-christus-der-kinderfreund/,http://goodmusic.online/medien_title/weihnachtslieder-op-8-v-christus-der-kinderfreund/,,,,,,,,,,,,,,,,,
"Weihnachtslieder, Op. 8: VI. Christkind",,,,,,,2018-08-05,,,,,,http://goodmusic.online/medien_title/weihnachtslieder-op-8-vi-christkind/,http://goodmusic.online/medien_title/weihnachtslieder-op-8-vi-christkind/,,,,,,,,,,,,,,,,,
"Des fremden Kindes heiliger Christ, Op. 33: III.",,,,,,,2018-08-06,,,,,,http://goodmusic.online/medien_title/des-fremden-kindes-heiliger-christ-op-33-iii/,http://goodmusic.online/medien_title/des-fremden-kindes-heiliger-christ-op-33-iii/,,,,,,,,,,,,,,,,,
"Weihnachtslieder, Op. 61: I. Advent",,,,,,,2018-08-07,,,,,,http://goodmusic.online/medien_title/weihnachtslieder-op-61-i-advent/,http://goodmusic.online/medien_title/weihnachtslieder-op-61-i-advent/,,,,,,,,,,,,,,,,,
"Weihnachtslieder, Op. 61: II. Weihnachten",,,,,,,2018-08-08,,,,,,http://goodmusic.online/medien_title/weihnachtslieder-op-61-ii-weihnachten/,http://goodmusic.online/medien_title/weihnachtslieder-op-61-ii-weihnachten/,,,,,,,,,,,,,,,,,
"Weihnachtslieder, Op. 61: III. Maria",,,,,,,2018-08-09,,,,,,http://goodmusic.online/medien_title/weihnachtslieder-op-61-iii-maria/,http://goodmusic.online/medien_title/weihnachtslieder-op-61-iii-maria/,,,,,,,,,,,,,,,,,
"Weihnachtslieder, Op. 61: IV. In der Krippe",,,,,,,2018-08-10,,,,,,http://goodmusic.online/medien_title/weihnachtslieder-op-61-iv-in-der-krippe/,http://goodmusic.online/medien_title/weihnachtslieder-op-61-iv-in-der-krippe/,,,,,,,,,,,,,,,,,
"Weihnachtslieder, Op. 61: V. Die heiligen drei Könige",,,,,,,2018-08-11,,,,,,http://goodmusic.online/medien_title/weihnachtslieder-op-61-v-die-heiligen-drei-konige/,http://goodmusic.online/medien_title/weihnachtslieder-op-61-v-die-heiligen-drei-konige/,,,,,,,,,,,,,,,,,
"Weihnachtslieder, Op. 61: VI. Idyll",,,,,,,2018-08-12,,,,,,http://goodmusic.online/medien_title/weihnachtslieder-op-61-vi-idyll/,http://goodmusic.online/medien_title/weihnachtslieder-op-61-vi-idyll/,,,,,,,,,,,,,,,,,
"Weihnachtslieder, Op. 61: VII. Christbaum",,,,,,,2018-08-13,,,,,,http://goodmusic.online/medien_title/weihnachtslieder-op-61-vii-christbaum/,http://goodmusic.online/medien_title/weihnachtslieder-op-61-vii-christbaum/,,,,,,,,,,,,,,,,,
Mad Axeman (Comin' Home),,,,,,,2018-08-14,,,,,,http://goodmusic.online/medien_title/mad-axeman-comin-home/,http://goodmusic.online/medien_title/mad-axeman-comin-home/,,,,,,,,,,,,,,,,,
Hell Raiser,,,,,,,2018-08-15,,,,,,http://goodmusic.online/medien_title/hell-raiser/,http://goodmusic.online/medien_title/hell-raiser/,,,,,,,,,,,,,,,,,
Magic Lips,,,,,,,2018-08-16,,,,,,http://goodmusic.online/medien_title/magic-lips/,http://goodmusic.online/medien_title/magic-lips/,,,,,,,,,,,,,,,,,
Pearl Harbour,,,,,,,2018-08-17,,,,,,http://goodmusic.online/medien_title/pearl-harbour/,http://goodmusic.online/medien_title/pearl-harbour/,,,,,,,,,,,,,,,,,
Double Cheatin' Girl,,,,,,,2018-08-18,,,,,,http://goodmusic.online/medien_title/double-cheatin-girl/,http://goodmusic.online/medien_title/double-cheatin-girl/,,,,,,,,,,,,,,,,,
Runnin' Man,,,,,,,2018-08-19,,,,,,http://goodmusic.online/medien_title/runnin-man/,http://goodmusic.online/medien_title/runnin-man/,,,,,,,,,,,,,,,,,
Bastard,,,,,,,2018-08-20,,,,,,http://goodmusic.online/medien_title/bastard/,http://goodmusic.online/medien_title/bastard/,,,,,,,,,,,,,,,,,
Come On and Feel It,,,,,,,2018-08-21,,,,,,http://goodmusic.online/medien_title/come-on-and-feel-it/,http://goodmusic.online/medien_title/come-on-and-feel-it/,,,,,,,,,,,,,,,,,
Mad At Me,,,,,,,2018-08-22,,,,,,http://goodmusic.online/medien_title/mad-at-me/,http://goodmusic.online/medien_title/mad-at-me/,,,,,,,,,,,,,,,,,
Sometimes,,,,,,,2018-08-23,,,,,,http://goodmusic.online/medien_title/sometimes/,http://goodmusic.online/medien_title/sometimes/,,,,,,,,,,,,,,,,,
Fight It Out,,,,,,,2018-08-24,,,,,,http://goodmusic.online/medien_title/fight-it-out/,http://goodmusic.online/medien_title/fight-it-out/,,,,,,,,,,,,,,,,,
Too Late to Run,,,,,,,2018-08-25,,,,,,http://goodmusic.online/medien_title/too-late-to-run/,http://goodmusic.online/medien_title/too-late-to-run/,,,,,,,,,,,,,,,,,
Pöh! - Das Video,,,,,,,2018-08-26,,,,,,http://goodmusic.online/medien_title/poh/,http://goodmusic.online/medien_title/poh/,,,,,,,,,,,,,,,,,http://goodmusic.online/wp-content/uploads/2017/06/babsnertv-022_grafik_03-poster_300.jpg
Na und! - Das Video,,,,,,,2018-08-27,,,,,,http://goodmusic.online/medien_title/na-und/,http://goodmusic.online/medien_title/na-und/,,,,,,,,,,,,,,,,,http://goodmusic.online/wp-content/uploads/2017/06/babsnertv-031_grafik_01_poster_300.jpg
Homebound [Nach Hause],,,,,,,2017-08-01,,,,,,http://goodmusic.online/medien_title/homebound-nach-hause/,http://goodmusic.online/medien_title/homebound-nach-hause/,,,,,,,,,,,,,,,,,
White Christmas,,,,,,,2017-08-02,,,,,,http://goodmusic.online/medien_title/white-christmas/,http://goodmusic.online/medien_title/white-christmas/,,,,,,,,,,,,,,,,,
"Ihr, die ihr leben dürft",,,,,,,2017-08-03,,,,,,http://goodmusic.online/medien_title/ihr-die-ihr-leben-durft/,http://goodmusic.online/medien_title/ihr-die-ihr-leben-durft/,,,,,,,,,,,,,,,,,
"Ihr, die ihr glauben könnt",,,,,,,2017-08-04,,,,,,http://goodmusic.online/medien_title/ihr-die-ihr-glauben-konnt/,http://goodmusic.online/medien_title/ihr-die-ihr-glauben-konnt/,,,,,,,,,,,,,,,,,
"Ihr, die ihr frei seid",,,,,,,2017-08-05,,,,,,http://goodmusic.online/medien_title/ihr-die-ihr-frei-seid/,http://goodmusic.online/medien_title/ihr-die-ihr-frei-seid/,,,,,,,,,,,,,,,,,
"Ihr, die ihr träumen könnt",,,,,,,2017-08-06,,,,,,http://goodmusic.online/medien_title/ihr-die-ihr-traumen-konnt/,http://goodmusic.online/medien_title/ihr-die-ihr-traumen-konnt/,,,,,,,,,,,,,,,,,
Epilog,,,,,,,2017-08-07,,,,,,http://goodmusic.online/medien_title/epilog/,http://goodmusic.online/medien_title/epilog/,,,,,,,,,,,,,,,,,
Eine Träne zuviel,,,,,,,2017-08-08,,,,,,http://goodmusic.online/medien_title/eine-trane-zuviel/,http://goodmusic.online/medien_title/eine-trane-zuviel/,,,,,,,,,,,,,,,,,
Mademoiselle Pardon,,,,,,,2017-08-09,,,,,,http://goodmusic.online/medien_title/mademoiselle-pardon/,http://goodmusic.online/medien_title/mademoiselle-pardon/,,,,,,,,,,,,,,,,,
"Weine nicht, kleine Eva",,,,,,,2017-08-10,,,,,,http://goodmusic.online/medien_title/weine-nicht-kleine-eva/,http://goodmusic.online/medien_title/weine-nicht-kleine-eva/,,,,,,,,,,,,,,,,,
Non fa niente,,,,,,,2017-08-11,,,,,,http://goodmusic.online/medien_title/non-fa-niente/,http://goodmusic.online/medien_title/non-fa-niente/,,,,,,,,,,,,,,,,,
Lady Loreley [Deutsche Version],,,,,,,2017-08-12,,,,,,http://goodmusic.online/medien_title/lady-loreley-deutsche-version/,http://goodmusic.online/medien_title/lady-loreley-deutsche-version/,,,,,,,,,,,,,,,,,
Don't Say It's Over,,,,,,,2017-08-13,,,,,,http://goodmusic.online/medien_title/dont-say-its-over/,http://goodmusic.online/medien_title/dont-say-its-over/,,,,,,,,,,,,,,,,,
Out in the Night,,,,,,,2017-08-14,,,,,,http://goodmusic.online/medien_title/out-in-the-night/,http://goodmusic.online/medien_title/out-in-the-night/,,,,,,,,,,,,,,,,,
Ride Down the Highway,,,,,,,2017-08-15,,,,,,http://goodmusic.online/medien_title/ride-down-the-highway/,http://goodmusic.online/medien_title/ride-down-the-highway/,,,,,,,,,,,,,,,,,
Spider Woman Is Back,,,,,,,2017-08-16,,,,,,http://goodmusic.online/medien_title/spider-woman-is-back/,http://goodmusic.online/medien_title/spider-woman-is-back/,,,,,,,,,,,,,,,,,
I Show You a Feeling (It's More Than Your Love),,,,,,,2017-08-17,,,,,,http://goodmusic.online/medien_title/i-show-you-a-feeling-its-more-than-your-love/,http://goodmusic.online/medien_title/i-show-you-a-feeling-its-more-than-your-love/,,,,,,,,,,,,,,,,,
Down By Your Side,,,,,,,2017-08-18,,,,,,http://goodmusic.online/medien_title/down-by-your-side/,http://goodmusic.online/medien_title/down-by-your-side/,,,,,,,,,,,,,,,,,
All the Magic in Your Eyes,,,,,,,2017-08-19,,,,,,http://goodmusic.online/medien_title/all-the-magic-in-your-eyes/,http://goodmusic.online/medien_title/all-the-magic-in-your-eyes/,,,,,,,,,,,,,,,,,
Too Hard - Too Fast,,,,,,,2017-08-20,,,,,,http://goodmusic.online/medien_title/too-hard-too-fast/,http://goodmusic.online/medien_title/too-hard-too-fast/,,,,,,,,,,,,,,,,,
Dark Lights,,,,,,,2017-08-21,,,,,,http://goodmusic.online/medien_title/dark-lights/,http://goodmusic.online/medien_title/dark-lights/,,,,,,,,,,,,,,,,,
Stay Back,,,,,,,2017-08-22,,,,,,http://goodmusic.online/medien_title/stay-back/,http://goodmusic.online/medien_title/stay-back/,,,,,,,,,,,,,,,,,
"Auf dem Mond, da gibt's kein'n Karneval",,,,,,,2017-08-23,,,,,,http://goodmusic.online/medien_title/auf-dem-mond-da-gibts-keinn-karneval/,http://goodmusic.online/medien_title/auf-dem-mond-da-gibts-keinn-karneval/,,,,,,,,,,,,,,,,,
Au-Au-Au,,,,,,,2017-08-24,,,,,,http://goodmusic.online/medien_title/au-au-au/,http://goodmusic.online/medien_title/au-au-au/,,,,,,,,,,,,,,,,,
Die Schaschlik-Bud,,,,,,,2017-08-25,,,,,,http://goodmusic.online/medien_title/die-schaschlik-bud/,http://goodmusic.online/medien_title/die-schaschlik-bud/,,,,,,,,,,,,,,,,,
Die Fussball-Fans (Doch am Sonntag sind sie alle wieder da),,,,,,,2017-08-26,,,,,,http://goodmusic.online/medien_title/die-fussball-fans-doch-am-sonntag-sind-sie-alle-wieder-da/,http://goodmusic.online/medien_title/die-fussball-fans-doch-am-sonntag-sind-sie-alle-wieder-da/,,,,,,,,,,,,,,,,,
"Die Dreitälerfahrt (Noh Lindenthal, Bayenthal, Raderthal)",,,,,,,2017-08-27,,,,,,http://goodmusic.online/medien_title/die-dreitalerfahrt-noh-lindenthal-bayenthal-raderthal/,http://goodmusic.online/medien_title/die-dreitalerfahrt-noh-lindenthal-bayenthal-raderthal/,,,,,,,,,,,,,,,,,
U-Bahn-Song (Die U-Bahn macht das Licht nicht aus),,,,,,,2017-08-28,,,,,,http://goodmusic.online/medien_title/u-bahn-song-die-u-bahn-macht-das-licht-nicht-aus/,http://goodmusic.online/medien_title/u-bahn-song-die-u-bahn-macht-das-licht-nicht-aus/,,,,,,,,,,,,,,,,,
Nightmares,,,,,,,2016-08-05,,,,,,http://goodmusic.online/medien_title/nightmares/,http://goodmusic.online/medien_title/nightmares/,,,,,,,,,,,,,,,,,
Needin' Your Love,,,,,,,2016-08-06,,,,,,http://goodmusic.online/medien_title/needin-your-love/,http://goodmusic.online/medien_title/needin-your-love/,,,,,,,,,,,,,,,,,
Rabies in Town,,,,,,,2016-08-07,,,,,,http://goodmusic.online/medien_title/rabies-in-town/,http://goodmusic.online/medien_title/rabies-in-town/,,,,,,,,,,,,,,,,,
I Do It,,,,,,,2016-08-08,,,,,,http://goodmusic.online/medien_title/i-do-it/,http://goodmusic.online/medien_title/i-do-it/,,,,,,,,,,,,,,,,,
Under My Wheels,,,,,,,2016-08-09,,,,,,http://goodmusic.online/medien_title/under-my-wheels/,http://goodmusic.online/medien_title/under-my-wheels/,,,,,,,,,,,,,,,,,
Rock It On,,,,,,,2016-08-10,,,,,,http://goodmusic.online/medien_title/rock-it-on/,http://goodmusic.online/medien_title/rock-it-on/,,,,,,,,,,,,,,,,,
Hey You (I'm Gonna Tear You Down),,,,,,,2016-08-11,,,,,,http://goodmusic.online/medien_title/hey-you-im-gonna-tear-you-down/,http://goodmusic.online/medien_title/hey-you-im-gonna-tear-you-down/,,,,,,,,,,,,,,,,,
We Like Rock 'n' Roll,,,,,,,2016-08-12,,,,,,http://goodmusic.online/medien_title/we-like-rock-n-roll/,http://goodmusic.online/medien_title/we-like-rock-n-roll/,,,,,,,,,,,,,,,,,
Too Late to Escape,,,,,,,2016-08-13,,,,,,http://goodmusic.online/medien_title/too-late-to-escape/,http://goodmusic.online/medien_title/too-late-to-escape/,,,,,,,,,,,,,,,,,
Goodbye Blue Sky,,,,,,,2016-08-14,,,,,,http://goodmusic.online/medien_title/goodbye-blue-sky/,http://goodmusic.online/medien_title/goodbye-blue-sky/,,,,,,,,,,,,,,,,,
Der Kellermeister,,,,,,,2016-08-15,,,,,,http://goodmusic.online/medien_title/der-kellermeister/,http://goodmusic.online/medien_title/der-kellermeister/,,,,,,,,,,,,,,,,,
Wer die Theke hat erfunden (Thekenlied),,,,,,,2016-08-16,,,,,,http://goodmusic.online/medien_title/wer-die-theke-hat-erfunden-thekenlied/,http://goodmusic.online/medien_title/wer-die-theke-hat-erfunden-thekenlied/,,,,,,,,,,,,,,,,,
Dat gönnt sich der Papa,,,,,,,2016-08-17,,,,,,http://goodmusic.online/medien_title/dat-gonnt-sich-der-papa/,http://goodmusic.online/medien_title/dat-gonnt-sich-der-papa/,,,,,,,,,,,,,,,,,
Matratzenball-Cha-Cha,,,,,,,2016-08-18,,,,,,http://goodmusic.online/medien_title/matratzenball-cha-cha/,http://goodmusic.online/medien_title/matratzenball-cha-cha/,,,,,,,,,,,,,,,,,
Prinz - Bauer - Jungfrau,,,,,,,2016-08-19,,,,,,http://goodmusic.online/medien_title/prinz-bauer-jungfrau/,http://goodmusic.online/medien_title/prinz-bauer-jungfrau/,,,,,,,,,,,,,,,,,
Wir seh'n uns wieder,,,,,,,2016-08-20,,,,,,http://goodmusic.online/medien_title/wir-sehn-uns-wieder/,http://goodmusic.online/medien_title/wir-sehn-uns-wieder/,,,,,,,,,,,,,,,,,
Lightnin' Fever,,,,,,,2016-08-21,,,,,,http://goodmusic.online/medien_title/lightnin-fever/,http://goodmusic.online/medien_title/lightnin-fever/,,,,,,,,,,,,,,,,,
Night Shock,,,,,,,2016-08-22,,,,,,http://goodmusic.online/medien_title/night-shock/,http://goodmusic.online/medien_title/night-shock/,,,,,,,,,,,,,,,,,
"Shut Up, You Dudes",,,,,,,2016-08-23,,,,,,http://goodmusic.online/medien_title/shut-up-you-dudes/,http://goodmusic.online/medien_title/shut-up-you-dudes/,,,,,,,,,,,,,,,,,
No Way to Lose,,,,,,,2016-08-24,,,,,,http://goodmusic.online/medien_title/no-way-to-lose/,http://goodmusic.online/medien_title/no-way-to-lose/,,,,,,,,,,,,,,,,,
Burnin' Eyes,,,,,,,2016-08-25,,,,,,http://goodmusic.online/medien_title/burnin-eyes/,http://goodmusic.online/medien_title/burnin-eyes/,,,,,,,,,,,,,,,,,
Damned Man Alive,,,,,,,2016-08-26,,,,,,http://goodmusic.online/medien_title/damned-man-alive/,http://goodmusic.online/medien_title/damned-man-alive/,,,,,,,,,,,,,,,,,
Red Alert,,,,,,,2015-08-01,,,,,,http://goodmusic.online/medien_title/red-alert/,http://goodmusic.online/medien_title/red-alert/,,,,,,,,,,,,,,,,,
Speed Attack,,,,,,,2015-08-02,,,,,,http://goodmusic.online/medien_title/speed-attack/,http://goodmusic.online/medien_title/speed-attack/,,,,,,,,,,,,,,,,,
Hammer My Nail Into You,,,,,,,2015-08-03,,,,,,http://goodmusic.online/medien_title/hammer-my-nail-into-you/,http://goodmusic.online/medien_title/hammer-my-nail-into-you/,,,,,,,,,,,,,,,,,
Underdog,,,,,,,2015-08-04,,,,,,http://goodmusic.online/medien_title/underdog/,http://goodmusic.online/medien_title/underdog/,,,,,,,,,,,,,,,,,
Shout It Out Together,,,,,,,2015-08-05,,,,,,http://goodmusic.online/medien_title/shout-it-out-together/,http://goodmusic.online/medien_title/shout-it-out-together/,,,,,,,,,,,,,,,,,
'ne Besuch em Zoo,,,,,,,2015-08-06,,,,,,http://goodmusic.online/medien_title/ne-besuch-em-zoo/,http://goodmusic.online/medien_title/ne-besuch-em-zoo/,,,,,,,,,,,,,,,,,
In der Kaygass Nummer Null,,,,,,,2015-08-07,,,,,,http://goodmusic.online/medien_title/in-der-kaygass-nummer-null/,http://goodmusic.online/medien_title/in-der-kaygass-nummer-null/,,,,,,,,,,,,,,,,,
Mir schenke der Ahl e paar Blömcher [Mir schenken dä Ahl e paar Blömcher],,,,,,,2015-08-08,,,,,,http://goodmusic.online/medien_title/mir-schenke-der-ahl-e-paar-blomcher-mir-schenken-da-ahl-e-paar-blomcher/,http://goodmusic.online/medien_title/mir-schenke-der-ahl-e-paar-blomcher-mir-schenken-da-ahl-e-paar-blomcher/,,,,,,,,,,,,,,,,,
Villa Billa-Walzer,,,,,,,2015-08-09,,,,,,http://goodmusic.online/medien_title/villa-billa-walzer/,http://goodmusic.online/medien_title/villa-billa-walzer/,,,,,,,,,,,,,,,,,
Kölsche Jung,,,,,,,2015-08-10,,,,,,http://goodmusic.online/medien_title/kolsche-jung/,http://goodmusic.online/medien_title/kolsche-jung/,,,,,,,,,,,,,,,,,
Heimweh nach Köln,,,,,,,2015-08-11,,,,,,http://goodmusic.online/medien_title/heimweh-nach-koln/,http://goodmusic.online/medien_title/heimweh-nach-koln/,,,,,,,,,,,,,,,,,
Take It Away,,,,,,,2015-08-12,,,,,,http://goodmusic.online/medien_title/take-it-away/,http://goodmusic.online/medien_title/take-it-away/,,,,,,,,,,,,,,,,,
Look At the Sky,,,,,,,2015-08-13,,,,,,http://goodmusic.online/medien_title/look-at-the-sky/,http://goodmusic.online/medien_title/look-at-the-sky/,,,,,,,,,,,,,,,,,
No Way to Lose - Version 1981,,,,,,,2015-08-14,,,,,,http://goodmusic.online/medien_title/no-way-to-lose-version-1981/,http://goodmusic.online/medien_title/no-way-to-lose-version-1981/,,,,,,,,,,,,,,,,,
I Show You a Feeling (It's More Than Your Love) - Version 1980,,,,,,,2015-08-15,,,,,,http://goodmusic.online/medien_title/i-show-you-a-feeling-its-more-than-your-love-version-1980/,http://goodmusic.online/medien_title/i-show-you-a-feeling-its-more-than-your-love-version-1980/,,,,,,,,,,,,,,,,,
Damned Man Alive - Version 1981,,,,,,,2015-08-16,,,,,,http://goodmusic.online/medien_title/damned-man-alive-version-1981/,http://goodmusic.online/medien_title/damned-man-alive-version-1981/,,,,,,,,,,,,,,,,,
Kids Today,,,,,,,2015-08-17,,,,,,http://goodmusic.online/medien_title/kids-today/,http://goodmusic.online/medien_title/kids-today/,,,,,,,,,,,,,,,,,
Hot Love - Version 1981,,,,,,,2015-08-18,,,,,,http://goodmusic.online/medien_title/hot-love-version-1981/,http://goodmusic.online/medien_title/hot-love-version-1981/,,,,,,,,,,,,,,,,,
I'm Leavin',,,,,,,2015-08-19,,,,,,http://goodmusic.online/medien_title/im-leavin/,http://goodmusic.online/medien_title/im-leavin/,,,,,,,,,,,,,,,,,
Snowblind - Version 1981,,,,,,,2015-08-20,,,,,,http://goodmusic.online/medien_title/snowblind-version-1981/,http://goodmusic.online/medien_title/snowblind-version-1981/,,,,,,,,,,,,,,,,,
The Show Is Over,,,,,,,2015-08-21,,,,,,http://goodmusic.online/medien_title/the-show-is-over/,http://goodmusic.online/medien_title/the-show-is-over/,,,,,,,,,,,,,,,,,
Sie will ja,,,,,,,2015-08-22,,,,,,http://goodmusic.online/medien_title/sie-will-ja/,http://goodmusic.online/medien_title/sie-will-ja/,,,,,,,,,,,,,,,,,
Tu nicht so,,,,,,,2015-08-23,,,,,,http://goodmusic.online/medien_title/tu-nicht-so/,http://goodmusic.online/medien_title/tu-nicht-so/,,,,,,,,,,,,,,,,,
Einmal schnappt die Falle zu,,,,,,,2015-08-24,,,,,,http://goodmusic.online/medien_title/einmal-schnappt-die-falle-zu/,http://goodmusic.online/medien_title/einmal-schnappt-die-falle-zu/,,,,,,,,,,,,,,,,,
"Blue, Blue Butterfly",,,,,,,2014-08-01,,,,,,http://goodmusic.online/medien_title/blue-blue-butterfly/,http://goodmusic.online/medien_title/blue-blue-butterfly/,,,,,,,,,,,,,,,,,
Du bist ein Stück aus meinem Leben,,,,,,,2014-08-02,,,,,,http://goodmusic.online/medien_title/du-bist-ein-stuck-aus-meinem-leben/,http://goodmusic.online/medien_title/du-bist-ein-stuck-aus-meinem-leben/,,,,,,,,,,,,,,,,,
Morgen wirst du wieder bei mir sein,,,,,,,2014-08-03,,,,,,http://goodmusic.online/medien_title/morgen-wirst-du-wieder-bei-mir-sein-2/,http://goodmusic.online/medien_title/morgen-wirst-du-wieder-bei-mir-sein-2/,,,,,,,,,,,,,,,,,
Breakout,,,,,,,2014-08-04,,,,,,http://goodmusic.online/medien_title/breakout/,http://goodmusic.online/medien_title/breakout/,,,,,,,,,,,,,,,,,
Easy Livin',,,,,,,2014-08-05,,,,,,http://goodmusic.online/medien_title/easy-livin/,http://goodmusic.online/medien_title/easy-livin/,,,,,,,,,,,,,,,,,
Snowblind,,,,,,,2014-08-06,,,,,,http://goodmusic.online/medien_title/snowblind/,http://goodmusic.online/medien_title/snowblind/,,,,,,,,,,,,,,,,,
Starlight - Daylight,,,,,,,2014-08-07,,,,,,http://goodmusic.online/medien_title/starlight-daylight/,http://goodmusic.online/medien_title/starlight-daylight/,,,,,,,,,,,,,,,,,
Hold On,,,,,,,2014-08-08,,,,,,http://goodmusic.online/medien_title/hold-on/,http://goodmusic.online/medien_title/hold-on/,,,,,,,,,,,,,,,,,
Hot Love,,,,,,,2014-08-09,,,,,,http://goodmusic.online/medien_title/hot-love/,http://goodmusic.online/medien_title/hot-love/,,,,,,,,,,,,,,,,,
I Do It - Version 1981,,,,,,,2014-08-10,,,,,,http://goodmusic.online/medien_title/i-do-it-version-1981/,http://goodmusic.online/medien_title/i-do-it-version-1981/,,,,,,,,,,,,,,,,,
Giddup,,,,,,,2014-08-11,,,,,,http://goodmusic.online/medien_title/giddup/,http://goodmusic.online/medien_title/giddup/,,,,,,,,,,,,,,,,,
Can't Live Without You,,,,,,,2014-08-12,,,,,,http://goodmusic.online/medien_title/cant-live-without-you/,http://goodmusic.online/medien_title/cant-live-without-you/,,,,,,,,,,,,,,,,,
No Way to Lose - Version 1980,,,,,,,2014-08-13,,,,,,http://goodmusic.online/medien_title/no-way-to-lose-version-1980/,http://goodmusic.online/medien_title/no-way-to-lose-version-1980/,,,,,,,,,,,,,,,,,
"Fremde Ufer, fremde Sterne",,,,,,,2014-08-14,,,,,,http://goodmusic.online/medien_title/fremde-ufer-fremde-sterne/,http://goodmusic.online/medien_title/fremde-ufer-fremde-sterne/,,,,,,,,,,,,,,,,,
Suliko,,,,,,,2014-08-15,,,,,,http://goodmusic.online/medien_title/suliko/,http://goodmusic.online/medien_title/suliko/,,,,,,,,,,,,,,,,,
Und dann will es keiner gewesen sein,,,,,,,2014-08-16,,,,,,http://goodmusic.online/medien_title/und-dann-will-es-keiner-gewesen-sein/,http://goodmusic.online/medien_title/und-dann-will-es-keiner-gewesen-sein/,,,,,,,,,,,,,,,,,
Die grosse Liebe meines Lebens,,,,,,,2014-08-17,,,,,,http://goodmusic.online/medien_title/die-grosse-liebe-meines-lebens/,http://goodmusic.online/medien_title/die-grosse-liebe-meines-lebens/,,,,,,,,,,,,,,,,,
"Mädchen, die am Sonntag weinen",,,,,,,2014-08-18,,,,,,http://goodmusic.online/medien_title/madchen-die-am-sonntag-weinen/,http://goodmusic.online/medien_title/madchen-die-am-sonntag-weinen/,,,,,,,,,,,,,,,,,
Du hast so traurige Augen,,,,,,,2014-08-19,,,,,,http://goodmusic.online/medien_title/du-hast-so-traurige-augen/,http://goodmusic.online/medien_title/du-hast-so-traurige-augen/,,,,,,,,,,,,,,,,,
Moonlight,,,,,,,2014-08-20,,,,,,http://goodmusic.online/medien_title/moonlight/,http://goodmusic.online/medien_title/moonlight/,,,,,,,,,,,,,,,,,
Baby - Baby,,,,,,,2014-08-21,,,,,,http://goodmusic.online/medien_title/baby-baby/,http://goodmusic.online/medien_title/baby-baby/,,,,,,,,,,,,,,,,,
"Gimme Your Lovin', Babe",,,,,,,2014-08-22,,,,,,http://goodmusic.online/medien_title/gimme-your-lovin-babe/,http://goodmusic.online/medien_title/gimme-your-lovin-babe/,,,,,,,,,,,,,,,,,
"Baby, Come Back",,,,,,,2014-08-23,,,,,,http://goodmusic.online/medien_title/baby-come-back/,http://goodmusic.online/medien_title/baby-come-back/,,,,,,,,,,,,,,,,,
Caribbean Sundown,,,,,,,2014-08-24,,,,,,http://goodmusic.online/medien_title/caribbean-sundown/,http://goodmusic.online/medien_title/caribbean-sundown/,,,,,,,,,,,,,,,,,
Eyes of Amber [Fremde Augen],,,,,,,2014-08-25,,,,,,http://goodmusic.online/medien_title/eyes-of-amber-fremde-augen/,http://goodmusic.online/medien_title/eyes-of-amber-fremde-augen/,,,,,,,,,,,,,,,,,
You Took My Heart Away,,,,,,,2013-08-01,,,,,,http://goodmusic.online/medien_title/you-took-my-heart-away/,http://goodmusic.online/medien_title/you-took-my-heart-away/,,,,,,,,,,,,,,,,,
Rio Beach Party,,,,,,,2013-08-02,,,,,,http://goodmusic.online/medien_title/rio-beach-party/,http://goodmusic.online/medien_title/rio-beach-party/,,,,,,,,,,,,,,,,,
Hail to the Simple Miss,,,,,,,2013-08-03,,,,,,http://goodmusic.online/medien_title/hail-to-the-simple-miss/,http://goodmusic.online/medien_title/hail-to-the-simple-miss/,,,,,,,,,,,,,,,,,
"Are You Lonesome, Maria?",,,,,,,2013-08-04,,,,,,http://goodmusic.online/medien_title/are-you-lonesome-maria/,http://goodmusic.online/medien_title/are-you-lonesome-maria/,,,,,,,,,,,,,,,,,
It's Over,,,,,,,2013-08-05,,,,,,http://goodmusic.online/medien_title/its-over/,http://goodmusic.online/medien_title/its-over/,,,,,,,,,,,,,,,,,
Sail Out With the Tide,,,,,,,2013-08-06,,,,,,http://goodmusic.online/medien_title/sail-out-with-the-tide/,http://goodmusic.online/medien_title/sail-out-with-the-tide/,,,,,,,,,,,,,,,,,
Du darfst dem Sonnenschein nicht böse sein [Mon bel amour d'eté],,,,,,,2013-08-07,,,,,,http://goodmusic.online/medien_title/du-darfst-dem-sonnenschein-nicht-bose-sein-mon-bel-amour-dete/,http://goodmusic.online/medien_title/du-darfst-dem-sonnenschein-nicht-bose-sein-mon-bel-amour-dete/,,,,,,,,,,,,,,,,,
Mademoiselle Amour,,,,,,,2013-08-08,,,,,,http://goodmusic.online/medien_title/mademoiselle-amour/,http://goodmusic.online/medien_title/mademoiselle-amour/,,,,,,,,,,,,,,,,,
Nimm dir einen Mann [Varka Sto Yialo],,,,,,,2013-08-09,,,,,,http://goodmusic.online/medien_title/nimm-dir-einen-mann-varka-sto-yialo/,http://goodmusic.online/medien_title/nimm-dir-einen-mann-varka-sto-yialo/,,,,,,,,,,,,,,,,,
Kleiner Muliero,,,,,,,2013-08-10,,,,,,http://goodmusic.online/medien_title/kleiner-muliero/,http://goodmusic.online/medien_title/kleiner-muliero/,,,,,,,,,,,,,,,,,
Arizona [Deutsche Version],,,,,,,2013-08-11,,,,,,http://goodmusic.online/medien_title/arizona-deutsche-version/,http://goodmusic.online/medien_title/arizona-deutsche-version/,,,,,,,,,,,,,,,,,
High Is High [Wight Is Wight],,,,,,,2013-08-12,,,,,,http://goodmusic.online/medien_title/high-is-high-wight-is-wight/,http://goodmusic.online/medien_title/high-is-high-wight-is-wight/,,,,,,,,,,,,,,,,,
Ich kann dir meine Liebe geben [Learn to Love (All Over Again)],,,,,,,2013-08-13,,,,,,http://goodmusic.online/medien_title/ich-kann-dir-meine-liebe-geben-learn-to-love-all-over-again/,http://goodmusic.online/medien_title/ich-kann-dir-meine-liebe-geben-learn-to-love-all-over-again/,,,,,,,,,,,,,,,,,
"Ay, Ay, Ay, Ay (Warum tanzt du nicht mal mit mir?)",,,,,,,2013-08-14,,,,,,http://goodmusic.online/medien_title/ay-ay-ay-ay-warum-tanzt-du-nicht-mal-mit-mir/,http://goodmusic.online/medien_title/ay-ay-ay-ay-warum-tanzt-du-nicht-mal-mit-mir/,,,,,,,,,,,,,,,,,
Die Sonne geht auf,,,,,,,2013-08-15,,,,,,http://goodmusic.online/medien_title/die-sonne-geht-auf/,http://goodmusic.online/medien_title/die-sonne-geht-auf/,,,,,,,,,,,,,,,,,
Un poco mais (Ein bisschen mehr),,,,,,,2013-08-16,,,,,,http://goodmusic.online/medien_title/un-poco-mais-ein-bisschen-mehr/,http://goodmusic.online/medien_title/un-poco-mais-ein-bisschen-mehr/,,,,,,,,,,,,,,,,,
Chico de Mayo,,,,,,,2013-08-17,,,,,,http://goodmusic.online/medien_title/chico-de-mayo/,http://goodmusic.online/medien_title/chico-de-mayo/,,,,,,,,,,,,,,,,,
Bossa Nova,,,,,,,2013-08-18,,,,,,http://goodmusic.online/medien_title/bossa-nova/,http://goodmusic.online/medien_title/bossa-nova/,,,,,,,,,,,,,,,,,
Samstag Nacht,,,,,,,2013-08-19,,,,,,http://goodmusic.online/medien_title/samstag-nacht/,http://goodmusic.online/medien_title/samstag-nacht/,,,,,,,,,,,,,,,,,
Sag noch einmal Amor zu mir,,,,,,,2013-08-20,,,,,,http://goodmusic.online/medien_title/sag-noch-einmal-amor-zu-mir/,http://goodmusic.online/medien_title/sag-noch-einmal-amor-zu-mir/,,,,,,,,,,,,,,,,,
Mein Friseur,,,,,,,2013-08-21,,,,,,http://goodmusic.online/medien_title/mein-friseur/,http://goodmusic.online/medien_title/mein-friseur/,,,,,,,,,,,,,,,,,
Mambo d'amor,,,,,,,2013-08-22,,,,,,http://goodmusic.online/medien_title/mambo-damor/,http://goodmusic.online/medien_title/mambo-damor/,,,,,,,,,,,,,,,,,
An einem Abend im April,,,,,,,2012-08-01,,,,,,http://goodmusic.online/medien_title/an-einem-abend-im-april/,http://goodmusic.online/medien_title/an-einem-abend-im-april/,,,,,,,,,,,,,,,,,
Fandango,,,,,,,2012-08-02,,,,,,http://goodmusic.online/medien_title/fandango/,http://goodmusic.online/medien_title/fandango/,,,,,,,,,,,,,,,,,
Dr. Music,,,,,,,2012-08-03,,,,,,http://goodmusic.online/medien_title/dr-music/,http://goodmusic.online/medien_title/dr-music/,,,,,,,,,,,,,,,,,
Nach Hause,,,,,,,2012-08-04,,,,,,http://goodmusic.online/medien_title/nach-hause/,http://goodmusic.online/medien_title/nach-hause/,,,,,,,,,,,,,,,,,
Hej Då-Samba,,,,,,,2012-08-05,,,,,,http://goodmusic.online/medien_title/hej-da-samba/,http://goodmusic.online/medien_title/hej-da-samba/,,,,,,,,,,,,,,,,,
Cielito Lindo,,,,,,,2012-08-06,,,,,,http://goodmusic.online/medien_title/cielito-lindo/,http://goodmusic.online/medien_title/cielito-lindo/,,,,,,,,,,,,,,,,,
Allzuviel ist ungesund,,,,,,,2012-08-07,,,,,,http://goodmusic.online/medien_title/allzuviel-ist-ungesund/,http://goodmusic.online/medien_title/allzuviel-ist-ungesund/,,,,,,,,,,,,,,,,,
The Swingin' Creeper,,,,,,,2012-08-08,,,,,,http://goodmusic.online/medien_title/the-swingin-creeper/,http://goodmusic.online/medien_title/the-swingin-creeper/,,,,,,,,,,,,,,,,,
Hitch-Hike,,,,,,,2012-08-09,,,,,,http://goodmusic.online/medien_title/hitch-hike/,http://goodmusic.online/medien_title/hitch-hike/,,,,,,,,,,,,,,,,,
Rose-Marie,,,,,,,2012-08-10,,,,,,http://goodmusic.online/medien_title/rose-marie/,http://goodmusic.online/medien_title/rose-marie/,,,,,,,,,,,,,,,,,
Red Roses for a Blue Lady,,,,,,,2012-08-11,,,,,,http://goodmusic.online/medien_title/red-roses-for-a-blue-lady/,http://goodmusic.online/medien_title/red-roses-for-a-blue-lady/,,,,,,,,,,,,,,,,,
La Rose d'Anjou,,,,,,,2012-08-12,,,,,,http://goodmusic.online/medien_title/la-rose-danjou/,http://goodmusic.online/medien_title/la-rose-danjou/,,,,,,,,,,,,,,,,,
Last Rose of Summer,,,,,,,2012-08-13,,,,,,http://goodmusic.online/medien_title/last-rose-of-summer-2/,http://goodmusic.online/medien_title/last-rose-of-summer-2/,,,,,,,,,,,,,,,,,
Dunkelrote Rosen,,,,,,,2012-08-14,,,,,,http://goodmusic.online/medien_title/dunkelrote-rosen/,http://goodmusic.online/medien_title/dunkelrote-rosen/,,,,,,,,,,,,,,,,,
Blue Rose,,,,,,,2012-08-15,,,,,,http://goodmusic.online/medien_title/blue-rose/,http://goodmusic.online/medien_title/blue-rose/,,,,,,,,,,,,,,,,,
Yellow Rose of Texas,,,,,,,2012-08-16,,,,,,http://goodmusic.online/medien_title/yellow-rose-of-texas/,http://goodmusic.online/medien_title/yellow-rose-of-texas/,,,,,,,,,,,,,,,,,
Rosen brauchen Sonnenschein,,,,,,,2012-08-17,,,,,,http://goodmusic.online/medien_title/rosen-brauchen-sonnenschein/,http://goodmusic.online/medien_title/rosen-brauchen-sonnenschein/,,,,,,,,,,,,,,,,,
Schenk deiner Frau doch hin und wieder rote Rosen,,,,,,,2012-08-18,,,,,,http://goodmusic.online/medien_title/schenk-deiner-frau-doch-hin-und-wieder-rote-rosen/,http://goodmusic.online/medien_title/schenk-deiner-frau-doch-hin-und-wieder-rote-rosen/,,,,,,,,,,,,,,,,,
Rosa de Saudade,,,,,,,2012-08-19,,,,,,http://goodmusic.online/medien_title/rosa-de-saudade/,http://goodmusic.online/medien_title/rosa-de-saudade/,,,,,,,,,,,,,,,,,
Schenkt man sich Rosen in Tirol,,,,,,,2012-08-20,,,,,,http://goodmusic.online/medien_title/schenkt-man-sich-rosen-in-tirol/,http://goodmusic.online/medien_title/schenkt-man-sich-rosen-in-tirol/,,,,,,,,,,,,,,,,,
Rosetta,,,,,,,2012-08-21,,,,,,http://goodmusic.online/medien_title/rosetta/,http://goodmusic.online/medien_title/rosetta/,,,,,,,,,,,,,,,,,
"Mini, Midi oder Maxi [La recluta]",,,,,,,2012-08-22,,,,,,http://goodmusic.online/medien_title/mini-midi-oder-maxi-la-recluta/,http://goodmusic.online/medien_title/mini-midi-oder-maxi-la-recluta/,,,,,,,,,,,,,,,,,
"Sommer, Sonne, Sand und Meer",,,,,,,2012-08-23,,,,,,http://goodmusic.online/medien_title/sommer-sonne-sand-und-meer/,http://goodmusic.online/medien_title/sommer-sonne-sand-und-meer/,,,,,,,,,,,,,,,,,
Wenn die Sonne erwacht in den Bergen,,,,,,,2012-08-24,,,,,,http://goodmusic.online/medien_title/wenn-die-sonne-erwacht-in-den-bergen/,http://goodmusic.online/medien_title/wenn-die-sonne-erwacht-in-den-bergen/,,,,,,,,,,,,,,,,,
Wenn ein Mann mit der Liebe spielt [Son-Of-A Preacher Man],,,,,,,2011-08-01,,,,,,http://goodmusic.online/medien_title/wenn-ein-mann-mit-der-liebe-spielt-son-of-a-preacher-man/,http://goodmusic.online/medien_title/wenn-ein-mann-mit-der-liebe-spielt-son-of-a-preacher-man/,,,,,,,,,,,,,,,,,
Haschisch Halef Omar (Haschu Haschisch ini Tasche),,,,,,,2011-08-02,,,,,,http://goodmusic.online/medien_title/haschisch-halef-omar-haschu-haschisch-ini-tasche/,http://goodmusic.online/medien_title/haschisch-halef-omar-haschu-haschisch-ini-tasche/,,,,,,,,,,,,,,,,,
High and Happy,,,,,,,2011-08-03,,,,,,http://goodmusic.online/medien_title/high-and-happy/,http://goodmusic.online/medien_title/high-and-happy/,,,,,,,,,,,,,,,,,
Mame,,,,,,,2011-08-04,,,,,,http://goodmusic.online/medien_title/mame/,http://goodmusic.online/medien_title/mame/,,,,,,,,,,,,,,,,,
Somewhere My Love (Lara's Theme),,,,,,,2011-08-05,,,,,,http://goodmusic.online/medien_title/somewhere-my-love-laras-theme/,http://goodmusic.online/medien_title/somewhere-my-love-laras-theme/,,,,,,,,,,,,,,,,,
Dein ist mein ganzes Herz,,,,,,,2011-08-06,,,,,,http://goodmusic.online/medien_title/dein-ist-mein-ganzes-herz-2/,http://goodmusic.online/medien_title/dein-ist-mein-ganzes-herz-2/,,,,,,,,,,,,,,,,,
There's a Kind of Hush,,,,,,,2011-08-07,,,,,,http://goodmusic.online/medien_title/theres-a-kind-of-hush/,http://goodmusic.online/medien_title/theres-a-kind-of-hush/,,,,,,,,,,,,,,,,,
Days of Wine and Roses,,,,,,,2011-08-08,,,,,,http://goodmusic.online/medien_title/days-of-wine-and-roses/,http://goodmusic.online/medien_title/days-of-wine-and-roses/,,,,,,,,,,,,,,,,,
Simon Smith and the Amazing Dancing Bear,,,,,,,2011-08-09,,,,,,http://goodmusic.online/medien_title/simon-smith-and-the-amazing-dancing-bear/,http://goodmusic.online/medien_title/simon-smith-and-the-amazing-dancing-bear/,,,,,,,,,,,,,,,,,
Wizzball,,,,,,,2011-08-10,,,,,,http://goodmusic.online/medien_title/wizzball/,http://goodmusic.online/medien_title/wizzball/,,,,,,,,,,,,,,,,,
I Got Rhythm,,,,,,,2011-08-11,,,,,,http://goodmusic.online/medien_title/i-got-rhythm/,http://goodmusic.online/medien_title/i-got-rhythm/,,,,,,,,,,,,,,,,,
Detroit-City,,,,,,,2011-08-12,,,,,,http://goodmusic.online/medien_title/detroit-city/,http://goodmusic.online/medien_title/detroit-city/,,,,,,,,,,,,,,,,,
With a Little Help from My Friends,,,,,,,2011-08-13,,,,,,http://goodmusic.online/medien_title/with-a-little-help-from-my-friends/,http://goodmusic.online/medien_title/with-a-little-help-from-my-friends/,,,,,,,,,,,,,,,,,
"What Now, My Love? [Et maintenant?]",,,,,,,2011-08-14,,,,,,http://goodmusic.online/medien_title/what-now-my-love-et-maintenant/,http://goodmusic.online/medien_title/what-now-my-love-et-maintenant/,,,,,,,,,,,,,,,,,
Goin' Out of My Head,,,,,,,2011-08-15,,,,,,http://goodmusic.online/medien_title/goin-out-of-my-head/,http://goodmusic.online/medien_title/goin-out-of-my-head/,,,,,,,,,,,,,,,,,
Good Day Sunshine,,,,,,,2011-08-16,,,,,,http://goodmusic.online/medien_title/good-day-sunshine/,http://goodmusic.online/medien_title/good-day-sunshine/,,,,,,,,,,,,,,,,,
No Milk Today,,,,,,,2011-08-17,,,,,,http://goodmusic.online/medien_title/no-milk-today/,http://goodmusic.online/medien_title/no-milk-today/,,,,,,,,,,,,,,,,,
Lover Boy,,,,,,,2011-08-18,,,,,,http://goodmusic.online/medien_title/lover-boy/,http://goodmusic.online/medien_title/lover-boy/,,,,,,,,,,,,,,,,,
Ohne Abschied gibt's kein Wiederseh'n,,,,,,,2011-08-19,,,,,,http://goodmusic.online/medien_title/ohne-abschied-gibts-kein-wiedersehn/,http://goodmusic.online/medien_title/ohne-abschied-gibts-kein-wiedersehn/,,,,,,,,,,,,,,,,,
Mit deinem Namen in meinem Herzen,,,,,,,2011-08-20,,,,,,http://goodmusic.online/medien_title/mit-deinem-namen-in-meinem-herzen/,http://goodmusic.online/medien_title/mit-deinem-namen-in-meinem-herzen/,,,,,,,,,,,,,,,,,
Mama Tschau [Ricordando con tenerezza],,,,,,,2011-08-21,,,,,,http://goodmusic.online/medien_title/mama-tschau-ricordando-con-tenerezza/,http://goodmusic.online/medien_title/mama-tschau-ricordando-con-tenerezza/,,,,,,,,,,,,,,,,,
Schön ist das,,,,,,,2011-08-22,,,,,,http://goodmusic.online/medien_title/schon-ist-das/,http://goodmusic.online/medien_title/schon-ist-das/,,,,,,,,,,,,,,,,,
In Lu-Lu-Lu-Lu-Lu-Lu-Luxemburg,,,,,,,2011-08-23,,,,,,http://goodmusic.online/medien_title/in-lu-lu-lu-lu-lu-lu-luxemburg/,http://goodmusic.online/medien_title/in-lu-lu-lu-lu-lu-lu-luxemburg/,,,,,,,,,,,,,,,,,
Dead in the Four o'Clock Sun,,,,,,,2011-08-24,,,,,,http://goodmusic.online/medien_title/dead-in-the-four-oclock-sun/,http://goodmusic.online/medien_title/dead-in-the-four-oclock-sun/,,,,,,,,,,,,,,,,,
Fairy Tales,,,,,,,2011-08-25,,,,,,http://goodmusic.online/medien_title/fairy-tales/,http://goodmusic.online/medien_title/fairy-tales/,,,,,,,,,,,,,,,,,
Dear Elsie,,,,,,,2011-08-26,,,,,,http://goodmusic.online/medien_title/dear-elsie/,http://goodmusic.online/medien_title/dear-elsie/,,,,,,,,,,,,,,,,,
"Winkin', Blinkin' and Nod",,,,,,,2010-08-01,,,,,,http://goodmusic.online/medien_title/winkin-blinkin-and-nod/,http://goodmusic.online/medien_title/winkin-blinkin-and-nod/,,,,,,,,,,,,,,,,,
Sugar Love,,,,,,,2010-08-02,,,,,,http://goodmusic.online/medien_title/sugar-love/,http://goodmusic.online/medien_title/sugar-love/,,,,,,,,,,,,,,,,,
Napoleon,,,,,,,2010-08-03,,,,,,http://goodmusic.online/medien_title/napoleon/,http://goodmusic.online/medien_title/napoleon/,,,,,,,,,,,,,,,,,
Song of the Sea,,,,,,,2010-08-04,,,,,,http://goodmusic.online/medien_title/song-of-the-sea/,http://goodmusic.online/medien_title/song-of-the-sea/,,,,,,,,,,,,,,,,,
Happy,,,,,,,2010-08-05,,,,,,http://goodmusic.online/medien_title/happy/,http://goodmusic.online/medien_title/happy/,,,,,,,,,,,,,,,,,
The Beginning of the Fall,,,,,,,2010-08-06,,,,,,http://goodmusic.online/medien_title/the-beginning-of-the-fall/,http://goodmusic.online/medien_title/the-beginning-of-the-fall/,,,,,,,,,,,,,,,,,
When Winter Comes,,,,,,,2010-08-07,,,,,,http://goodmusic.online/medien_title/when-winter-comes/,http://goodmusic.online/medien_title/when-winter-comes/,,,,,,,,,,,,,,,,,
Gej Jamschik,,,,,,,2010-08-08,,,,,,http://goodmusic.online/medien_title/gej-jamschik/,http://goodmusic.online/medien_title/gej-jamschik/,,,,,,,,,,,,,,,,,
Otschi Tschornije,,,,,,,2010-08-09,,,,,,http://goodmusic.online/medien_title/otschi-tschornije/,http://goodmusic.online/medien_title/otschi-tschornije/,,,,,,,,,,,,,,,,,
Bajuschki Baju,,,,,,,2010-08-10,,,,,,http://goodmusic.online/medien_title/bajuschki-baju/,http://goodmusic.online/medien_title/bajuschki-baju/,,,,,,,,,,,,,,,,,
Bublitschki,,,,,,,2010-08-11,,,,,,http://goodmusic.online/medien_title/bublitschki/,http://goodmusic.online/medien_title/bublitschki/,,,,,,,,,,,,,,,,,
Ilija i Mischka,,,,,,,2010-08-12,,,,,,http://goodmusic.online/medien_title/ilija-i-mischka/,http://goodmusic.online/medien_title/ilija-i-mischka/,,,,,,,,,,,,,,,,,
Kalinka,,,,,,,2010-08-13,,,,,,http://goodmusic.online/medien_title/kalinka/,http://goodmusic.online/medien_title/kalinka/,,,,,,,,,,,,,,,,,
If I Were a Rich Man [Russian Version],,,,,,,2010-08-14,,,,,,http://goodmusic.online/medien_title/if-i-were-a-rich-man-russian-version/,http://goodmusic.online/medien_title/if-i-were-a-rich-man-russian-version/,,,,,,,,,,,,,,,,,
Schlittenfahrt im Mondschein,,,,,,,2010-08-15,,,,,,http://goodmusic.online/medien_title/schlittenfahrt-im-mondschein/,http://goodmusic.online/medien_title/schlittenfahrt-im-mondschein/,,,,,,,,,,,,,,,,,
Ech Rjabina,,,,,,,2010-08-16,,,,,,http://goodmusic.online/medien_title/ech-rjabina/,http://goodmusic.online/medien_title/ech-rjabina/,,,,,,,,,,,,,,,,,
Jablotschke,,,,,,,2010-08-17,,,,,,http://goodmusic.online/medien_title/jablotschke/,http://goodmusic.online/medien_title/jablotschke/,,,,,,,,,,,,,,,,,
Tschiribim,,,,,,,2010-08-18,,,,,,http://goodmusic.online/medien_title/tschiribim/,http://goodmusic.online/medien_title/tschiribim/,,,,,,,,,,,,,,,,,
Va Sadulje Wagarodje,,,,,,,2010-08-19,,,,,,http://goodmusic.online/medien_title/va-sadulje-wagarodje/,http://goodmusic.online/medien_title/va-sadulje-wagarodje/,,,,,,,,,,,,,,,,,
Sunshine-Baby,,,,,,,2010-08-20,,,,,,http://goodmusic.online/medien_title/sunshine-baby/,http://goodmusic.online/medien_title/sunshine-baby/,,,,,,,,,,,,,,,,,
Bleib nicht allein,,,,,,,2010-08-21,,,,,,http://goodmusic.online/medien_title/bleib-nicht-allein/,http://goodmusic.online/medien_title/bleib-nicht-allein/,,,,,,,,,,,,,,,,,
Lachen und weinen im Glück,,,,,,,2010-08-22,,,,,,http://goodmusic.online/medien_title/lachen-und-weinen-im-gluck/,http://goodmusic.online/medien_title/lachen-und-weinen-im-gluck/,,,,,,,,,,,,,,,,,
"Mañana, Mañana Rosita",,,,,,,2010-08-23,,,,,,http://goodmusic.online/medien_title/manana-manana-rosita/,http://goodmusic.online/medien_title/manana-manana-rosita/,,,,,,,,,,,,,,,,,
Arno Schmiddchen,,,,,,,2010-08-24,,,,,,http://goodmusic.online/medien_title/arno-schmiddchen/,http://goodmusic.online/medien_title/arno-schmiddchen/,,,,,,,,,,,,,,,,,
Diddeldei,,,,,,,2010-08-25,,,,,,http://goodmusic.online/medien_title/diddeldei/,http://goodmusic.online/medien_title/diddeldei/,,,,,,,,,,,,,,,,,
Heaven and Hell,,,,,,,2010-08-26,,,,,,http://goodmusic.online/medien_title/heaven-and-hell/,http://goodmusic.online/medien_title/heaven-and-hell/,,,,,,,,,,,,,,,,,
Rock City,,,,,,,2010-08-27,,,,,,http://goodmusic.online/medien_title/rock-city/,http://goodmusic.online/medien_title/rock-city/,,,,,,,,,,,,,,,,,
Topic of Evermore,,,,,,,2010-08-28,,,,,,http://goodmusic.online/medien_title/topic-of-evermore/,http://goodmusic.online/medien_title/topic-of-evermore/,,,,,,,,,,,,,,,,,
Sorrows,,,,,,,1998-08-01,,,,,,http://goodmusic.online/medien_title/sorrows/,http://goodmusic.online/medien_title/sorrows/,,,,,,,,,,,,,,,,,
Babsner.TV-Thema,,,,,,,1998-08-02,,,,,,http://goodmusic.online/medien_title/babsner-tv-thema/,http://goodmusic.online/medien_title/babsner-tv-thema/,,,,,,,,,,,,,,,,,
Na und!,,,,,,,1998-08-03,,,,,,http://goodmusic.online/medien_title/na-und-2/,http://goodmusic.online/medien_title/na-und-2/,,,,,,,,,,,,,,,,,
Babsner.TV Outtakes-Thema [Snappy Pappy],,,,,,,1998-08-04,,,,,,http://goodmusic.online/medien_title/babsner-tv-outtakes-thema-snappy-pappy/,http://goodmusic.online/medien_title/babsner-tv-outtakes-thema-snappy-pappy/,,,,,,,,,,,,,,,,,
Geht gar ned!,,,,,,,1998-08-05,,,,,,http://goodmusic.online/medien_title/geht-gar-ned/,http://goodmusic.online/medien_title/geht-gar-ned/,,,,,,,,,,,,,,,,,
Familie Transbacher-Thema,,,,,,,1998-08-06,,,,,,http://goodmusic.online/medien_title/familie-transbacher-thema/,http://goodmusic.online/medien_title/familie-transbacher-thema/,,,,,,,,,,,,,,,,,
Pöh!,,,,,,,1998-08-07,,,,,,http://goodmusic.online/medien_title/poh-2/,http://goodmusic.online/medien_title/poh-2/,,,,,,,,,,,,,,,,,
Special Agent OO-Christ - The Escape [The Killer of Soho],,,,,,,1998-08-08,,,,,,http://goodmusic.online/medien_title/special-agent-oo-christ-the-escape-the-killer-of-soho/,http://goodmusic.online/medien_title/special-agent-oo-christ-the-escape-the-killer-of-soho/,,,,,,,,,,,,,,,,,
Schwul is Cool!,,,,,,,1998-08-09,,,,,,http://goodmusic.online/medien_title/schwul-is-cool/,http://goodmusic.online/medien_title/schwul-is-cool/,,,,,,,,,,,,,,,,,
"The GG and Kelly Dance [No, No, No]",,,,,,,1998-08-10,,,,,,http://goodmusic.online/medien_title/the-gg-and-kelly-dance-no-no-no/,http://goodmusic.online/medien_title/the-gg-and-kelly-dance-no-no-no/,,,,,,,,,,,,,,,,,
Frollein Babettes Thema [Laissez faire],,,,,,,1998-08-11,,,,,,http://goodmusic.online/medien_title/frollein-babettes-thema-laissez-faire/,http://goodmusic.online/medien_title/frollein-babettes-thema-laissez-faire/,,,,,,,,,,,,,,,,,
Music to Brönsch to [Hab ein blaues Himmelbett],,,,,,,1998-08-12,,,,,,http://goodmusic.online/medien_title/music-to-bronsch-to-hab-ein-blaues-himmelbett/,http://goodmusic.online/medien_title/music-to-bronsch-to-hab-ein-blaues-himmelbett/,,,,,,,,,,,,,,,,,
Special Agent 00-Christ-Thema [Das ganze liebe lange Leben lang],,,,,,,1998-08-13,,,,,,http://goodmusic.online/medien_title/special-agent-00-christ-thema-das-ganze-liebe-lange-leben-lang/,http://goodmusic.online/medien_title/special-agent-00-christ-thema-das-ganze-liebe-lange-leben-lang/,,,,,,,,,,,,,,,,,
Meine schöne Helena,,,,,,,1998-08-14,,,,,,http://goodmusic.online/medien_title/meine-schone-helena/,http://goodmusic.online/medien_title/meine-schone-helena/,,,,,,,,,,,,,,,,,
Am Samstag,,,,,,,1998-08-15,,,,,,http://goodmusic.online/medien_title/am-samstag/,http://goodmusic.online/medien_title/am-samstag/,,,,,,,,,,,,,,,,,
Wir hau'n die Pauker in die Pfanne (aus dem gleichnamigen Film),,,,,,,1998-08-16,,,,,,http://goodmusic.online/medien_title/wir-haun-die-pauker-in-die-pfanne/,http://goodmusic.online/medien_title/wir-haun-die-pauker-in-die-pfanne/,,,,,,,,,,,,,,,,,
Dam Dam Dam,,,,,,,1998-08-17,,,,,,http://goodmusic.online/medien_title/dam-dam-dam/,http://goodmusic.online/medien_title/dam-dam-dam/,,,,,,,,,,,,,,,,,
Monsieur Le Gendarme,,,,,,,1998-08-18,,,,,,http://goodmusic.online/medien_title/monsieur-le-gendarme/,http://goodmusic.online/medien_title/monsieur-le-gendarme/,,,,,,,,,,,,,,,,,
Illusion d'amour,,,,,,,1998-08-19,,,,,,http://goodmusic.online/medien_title/illusion-damour/,http://goodmusic.online/medien_title/illusion-damour/,,,,,,,,,,,,,,,,,
Karlsbader Sprudler,,,,,,,1998-08-20,,,,,,http://goodmusic.online/medien_title/karlsbader-sprudler/,http://goodmusic.online/medien_title/karlsbader-sprudler/,,,,,,,,,,,,,,,,,
Die Jahreszeiten,,,,,,,1998-08-21,,,,,,http://goodmusic.online/medien_title/die-jahreszeiten/,http://goodmusic.online/medien_title/die-jahreszeiten/,,,,,,,,,,,,,,,,,
Kraichgau-Polka,,,,,,,1998-08-22,,,,,,http://goodmusic.online/medien_title/kraichgau-polka/,http://goodmusic.online/medien_title/kraichgau-polka/,,,,,,,,,,,,,,,,,
Egerländer-Ländler,,,,,,,1996-08-01,,,,,,http://goodmusic.online/medien_title/egerlander-landler/,http://goodmusic.online/medien_title/egerlander-landler/,,,,,,,,,,,,,,,,,
Das muss doch geh'n,,,,,,,1996-08-02,,,,,,http://goodmusic.online/medien_title/das-muss-doch-gehn/,http://goodmusic.online/medien_title/das-muss-doch-gehn/,,,,,,,,,,,,,,,,,
Bodensee-Ländler,,,,,,,1996-08-03,,,,,,http://goodmusic.online/medien_title/bodensee-landler/,http://goodmusic.online/medien_title/bodensee-landler/,,,,,,,,,,,,,,,,,
Flotter Flitzer,,,,,,,1996-08-04,,,,,,http://goodmusic.online/medien_title/flotter-flitzer/,http://goodmusic.online/medien_title/flotter-flitzer/,,,,,,,,,,,,,,,,,
Trompeten-Echo [Na golici],,,,,,,1996-08-05,,,,,,http://goodmusic.online/medien_title/trompeten-echo-na-golici/,http://goodmusic.online/medien_title/trompeten-echo-na-golici/,,,,,,,,,,,,,,,,,
Herz ohne Heimat,,,,,,,1996-08-06,,,,,,http://goodmusic.online/medien_title/herz-ohne-heimat/,http://goodmusic.online/medien_title/herz-ohne-heimat/,,,,,,,,,,,,,,,,,
Schweine-Marsch,,,,,,,1996-08-07,,,,,,http://goodmusic.online/medien_title/schweine-marsch/,http://goodmusic.online/medien_title/schweine-marsch/,,,,,,,,,,,,,,,,,
Tief drin im Böhmerwald,,,,,,,1996-08-08,,,,,,http://goodmusic.online/medien_title/tief-drin-im-bohmerwald/,http://goodmusic.online/medien_title/tief-drin-im-bohmerwald/,,,,,,,,,,,,,,,,,
Die Lieder meiner Heimat,,,,,,,1996-08-09,,,,,,http://goodmusic.online/medien_title/die-lieder-meiner-heimat/,http://goodmusic.online/medien_title/die-lieder-meiner-heimat/,,,,,,,,,,,,,,,,,
An der Kastanienhalde,,,,,,,1996-08-10,,,,,,http://goodmusic.online/medien_title/an-der-kastanienhalde/,http://goodmusic.online/medien_title/an-der-kastanienhalde/,,,,,,,,,,,,,,,,,
Jetzt trink ma noch a Flascherl Wein,,,,,,,1996-08-11,,,,,,http://goodmusic.online/medien_title/jetzt-trink-ma-noch-a-flascherl-wein/,http://goodmusic.online/medien_title/jetzt-trink-ma-noch-a-flascherl-wein/,,,,,,,,,,,,,,,,,
Sarah [Deutsche Version],,,,,,,1996-08-12,,,,,,http://goodmusic.online/medien_title/sarah-deutsche-version/,http://goodmusic.online/medien_title/sarah-deutsche-version/,,,,,,,,,,,,,,,,,
Arrivederci heisst 'Auf Wiederseh'n' [Grön],,,,,,,1996-08-13,,,,,,http://goodmusic.online/medien_title/arrivederci-heisst-auf-wiedersehn-gron/,http://goodmusic.online/medien_title/arrivederci-heisst-auf-wiedersehn-gron/,,,,,,,,,,,,,,,,,
Chi-Chi-Merengue,,,,,,,1996-08-14,,,,,,http://goodmusic.online/medien_title/chi-chi-merengue/,http://goodmusic.online/medien_title/chi-chi-merengue/,,,,,,,,,,,,,,,,,
Island Woman,,,,,,,1996-08-15,,,,,,http://goodmusic.online/medien_title/island-woman/,http://goodmusic.online/medien_title/island-woman/,,,,,,,,,,,,,,,,,
"Madonna, du bist schöner als der Sonnenschein",,,,,,,1996-08-16,,,,,,http://goodmusic.online/medien_title/madonna-du-bist-schoner-als-der-sonnenschein/,http://goodmusic.online/medien_title/madonna-du-bist-schoner-als-der-sonnenschein/,,,,,,,,,,,,,,,,,
Just Before Slumber,,,,,,,1996-08-17,,,,,,http://goodmusic.online/medien_title/just-before-slumber/,http://goodmusic.online/medien_title/just-before-slumber/,,,,,,,,,,,,,,,,,
Ich bin von Kopf bis Fuss auf Liebe eingestellt,,,,,,,1996-08-18,,,,,,http://goodmusic.online/medien_title/ich-bin-von-kopf-bis-fuss-auf-liebe-eingestellt/,http://goodmusic.online/medien_title/ich-bin-von-kopf-bis-fuss-auf-liebe-eingestellt/,,,,,,,,,,,,,,,,,
Relaxing Time,,,,,,,1996-08-19,,,,,,http://goodmusic.online/medien_title/relaxing-time/,http://goodmusic.online/medien_title/relaxing-time/,,,,,,,,,,,,,,,,,
Should I?,,,,,,,1996-08-20,,,,,,http://goodmusic.online/medien_title/should-i/,http://goodmusic.online/medien_title/should-i/,,,,,,,,,,,,,,,,,
Im Wind,,,,,,,1996-08-21,,,,,,http://goodmusic.online/medien_title/im-wind/,http://goodmusic.online/medien_title/im-wind/,,,,,,,,,,,,,,,,,
Salome,,,,,,,1996-08-22,,,,,,http://goodmusic.online/medien_title/salome/,http://goodmusic.online/medien_title/salome/,,,,,,,,,,,,,,,,,
Castle in the Air,,,,,,,1996-08-23,,,,,,http://goodmusic.online/medien_title/castle-in-the-air/,http://goodmusic.online/medien_title/castle-in-the-air/,,,,,,,,,,,,,,,,,
Heute Nacht oder nie,,,,,,,1996-08-24,,,,,,http://goodmusic.online/medien_title/heute-nacht-oder-nie/,http://goodmusic.online/medien_title/heute-nacht-oder-nie/,,,,,,,,,,,,,,,,,
Morning Soon,,,,,,,1996-08-25,,,,,,http://goodmusic.online/medien_title/morning-soon/,http://goodmusic.online/medien_title/morning-soon/,,,,,,,,,,,,,,,,,
"Johnny, wenn du Geburtstag hast",,,,,,,1996-08-26,,,,,,http://goodmusic.online/medien_title/johnny-wenn-du-geburtstag-hast/,http://goodmusic.online/medien_title/johnny-wenn-du-geburtstag-hast/,,,,,,,,,,,,,,,,,
Laissez faire,,,,,,,1996-08-27,,,,,,http://goodmusic.online/medien_title/laissez-faire/,http://goodmusic.online/medien_title/laissez-faire/,,,,,,,,,,,,,,,,,
